{
  "authors": [
    {
      "_id": {
        "$oid": "64f000000000000000000001"
      },
      "name": "Asha Verma",
      "bio": "Fiction author"
    },
    {
      "_id": {
        "$oid": "64f000000000000000000002"
      },
      "name": "Rahul Sen",
      "bio": "Sci-fi writer"
    },
    {
      "_id": {
        "$oid": "64f000000000000000000003"
      },
      "name": "Maya Rao",
      "bio": "Non-fiction"
    }
  ],
  "books": [
    {
      "title": "The Long Night",
      "genre": "Fiction",
      "publicationYear": 2021,
      "authorId": {
        "$oid": "64f000000000000000000001"
      },
      "ratings": [
        {
          "userId": 1,
          "score": 5
        },
        {
          "userId": 2,
          "score": 4
        }
      ]
    },
    {
      "title": "Stars Over Chennai",
      "genre": "Sci-Fi",
      "publicationYear": 2022,
      "authorId": {
        "$oid": "64f000000000000000000002"
      },
      "ratings": [
        {
          "userId": 3,
          "score": 5
        },
        {
          "userId": 4,
          "score": 5
        },
        {
          "userId": 2,
          "score": 4
        }
      ]
    },
    {
      "title": "Gardens of Thought",
      "genre": "Non-Fiction",
      "publicationYear": 2019,
      "authorId": {
        "$oid": "64f000000000000000000003"
      },
      "ratings": [
        {
          "userId": 5,
          "score": 3
        },
        {
          "userId": 6,
          "score": 4
        }
      ]
    }
  ],
  "users": [
    {
      "_id": 1,
      "name": "User One"
    },
    {
      "_id": 2,
      "name": "User Two"
    },
    {
      "_id": 3,
      "name": "User Three"
    }
  ]
}