{
  "events": [
    {
      "id": "e1",
      "title": "Annual Tech Summit",
      "date": "2025-11-20",
      "category": "Technology",
      "description": "A deep dive into modern systems.",
      "image": "https://picsum.photos/seed/tech/600/300"
    },
    {
      "id": "e2",
      "title": "Music Fest 2025",
      "date": "2025-12-05",
      "category": "Entertainment",
      "description": "Live music across stages.",
      "image": "https://picsum.photos/seed/music/600/300"
    },
    {
      "id": "e3",
      "title": "Startup Pitch Night",
      "date": "2025-11-28",
      "category": "Business",
      "description": "Pitch to investors.",
      "image": "https://picsum.photos/seed/startup/600/300"
    }
  ]
}