{
  "books": [
    {
      "id": 1,
      "title": "The Silent Patient",
      "author": "Alex Michaelides",
      "price": 12.99,
      "description": "Psychological thriller.",
      "image": "https://m.media-amazon.com/images/I/81vpsIs58WL._AC_UF1000,1000_QL80_.jpg"
    },
    {
      "id": 2,
      "title": "Atomic Habits",
      "author": "James Clear",
      "price": 14.5,
      "description": "Self-help book on habits.",
      "image": "https://m.media-amazon.com/images/I/91bYsX41DVL._AC_UF1000,1000_QL80_.jpg"
    },
    {
      "id": 3,
      "title": "Dune",
      "author": "Frank Herbert",
      "price": 10.99,
      "description": "Classic sci-fi epic.",
      "image": "https://m.media-amazon.com/images/I/91A+ABt5yQL._AC_UF1000,1000_QL80_.jpg"
    },
    {
      "id": 4,
      "title": "1984",
      "author": "George Orwell",
      "price": 9.49,
      "description": "Dystopian novel about totalitarianism.",
      "image": "https://m.media-amazon.com/images/I/71kxa1-0mfL._AC_UF1000,1000_QL80_.jpg"
    },
    {
      "id": 5,
      "title": "To Kill a Mockingbird",
      "author": "Harper Lee",
      "price": 11.99,
      "description": "A powerful story on racial injustice.",
      "image": "https://m.media-amazon.com/images/I/81Ox45v4iAL._AC_UF1000,1000_QL80_.jpg"
    },
    {
      "id": 6,
      "title": "The Great Gatsby",
      "author": "F. Scott Fitzgerald",
      "price": 10.5,
      "description": "A tragic tale of wealth and love.",
      "image": "https://m.media-amazon.com/images/I/81af+MCATTL._AC_UF1000,1000_QL80_.jpg"
    },
    {
      "id": 7,
      "title": "The Alchemist",
      "author": "Paulo Coelho",
      "price": 13.99,
      "description": "A philosophical journey of self-discovery.",
      "image": "https://m.media-amazon.com/images/I/71aFt4+OTOL._AC_UF1000,1000_QL80_.jpg"
    },
    {
      "id": 8,
      "title": "The Hobbit",
      "author": "J.R.R. Tolkien",
      "price": 12.0,
      "description": "Adventure fantasy preceding The Lord of the Rings.",
      "image": "https://m.media-amazon.com/images/I/91b0C2YNSrL._AC_UF1000,1000_QL80_.jpg"
    },
    {
      "id": 9,
      "title": "The Catcher in the Rye",
      "author": "J.D. Salinger",
      "price": 9.99,
      "description": "A story of teenage rebellion and identity.",
      "image": "https://m.media-amazon.com/images/I/81OthjkJBuL._AC_UF1000,1000_QL80_.jpg"
    },
    {
      "id": 10,
      "title": "Becoming",
      "author": "Michelle Obama",
      "price": 16.99,
      "description": "Memoir of the former First Lady.",
      "image": "https://m.media-amazon.com/images/I/81h2gWPTYJL._AC_UF1000,1000_QL80_.jpg"
    },
    {
      "id": 11,
      "title": "Educated",
      "author": "Tara Westover",
      "price": 15.49,
      "description": "A memoir about the transformative power of education.",
      "image": "https://m.media-amazon.com/images/I/91uwocAMtSL._AC_UF1000,1000_QL80_.jpg"
    },
    {
      "id": 12,
      "title": "The Power of Now",
      "author": "Eckhart Tolle",
      "price": 13.25,
      "description": "Spiritual guide to mindfulness and presence.",
      "image": "https://m.media-amazon.com/images/I/71xBLRBYOiL._AC_UF1000,1000_QL80_.jpg"
    },
    {
      "id": 13,
      "title": "Sapiens",
      "author": "Yuval Noah Harari",
      "price": 17.99,
      "description": "A brief history of humankind.",
      "image": "https://m.media-amazon.com/images/I/713jIoMO3UL._AC_UF1000,1000_QL80_.jpg"
    },
    {
      "id": 14,
      "title": "The Subtle Art of Not Giving a F*ck",
      "author": "Mark Manson",
      "price": 14.25,
      "description": "Counterintuitive guide to living a better life.",
      "image": "https://m.media-amazon.com/images/I/71QKQ9mwV7L._AC_UF1000,1000_QL80_.jpg"
    },
    {
      "id": 15,
      "title": "The Midnight Library",
      "author": "Matt Haig",
      "price": 12.49,
      "description": "A journey through infinite life possibilities.",
      "image": "https://m.media-amazon.com/images/I/81vpsIs58WL._AC_UF1000,1000_QL80_.jpg"
    },
    {
      "id": 16,
      "title": "The Hunger Games",
      "author": "Suzanne Collins",
      "price": 11.5,
      "description": "Dystopian novel of survival and rebellion.",
      "image": "https://m.media-amazon.com/images/I/61JfGcL2ljL._AC_UF1000,1000_QL80_.jpg"
    },
    {
      "id": 17,
      "title": "The Book Thief",
      "author": "Markus Zusak",
      "price": 13.75,
      "description": "Story of a girl who steals books in Nazi Germany.",
      "image": "https://m.media-amazon.com/images/I/81eB+7+CkUL._AC_UF1000,1000_QL80_.jpg"
    },
    {
      "id": 18,
      "title": "Gone Girl",
      "author": "Gillian Flynn",
      "price": 10.99,
      "description": "A dark psychological thriller about marriage.",
      "image": "https://m.media-amazon.com/images/I/81af+MCATTL._AC_UF1000,1000_QL80_.jpg"
    },
    {
      "id": 19,
      "title": "The Girl on the Train",
      "author": "Paula Hawkins",
      "price": 11.99,
      "description": "Psychological mystery full of suspense.",
      "image": "https://m.media-amazon.com/images/I/81rFhsnCz1L._AC_UF1000,1000_QL80_.jpg"
    },
    {
      "id": 20,
      "title": "Pride and Prejudice",
      "author": "Jane Austen",
      "price": 8.99,
      "description": "Classic romantic novel of manners and class.",
      "image": "https://m.media-amazon.com/images/I/81z4T+60dPL._AC_UF1000,1000_QL80_.jpg"
    }
  ]
}
