{
  "authors": [
    {
      "_id": {
        "$oid": "650000000000000000000001"
      },
      "name": "Isaac Asimov",
      "nationality": "Russian-American",
      "birthYear": 1920
    },
    {
      "_id": {
        "$oid": "650000000000000000000002"
      },
      "name": "J.K. Rowling",
      "nationality": "British",
      "birthYear": 1965
    },
    {
      "_id": {
        "$oid": "650000000000000000000003"
      },
      "name": "George R.R. Martin",
      "nationality": "American",
      "birthYear": 1948
    }
  ],
  "users": [
    {
      "_id": {
        "$numberInt": "1"
      },
      "name": "Alice",
      "email": "alice@example.com",
      "joinDate": {
        "$date": "2025-01-10T00:00:00Z"
      }
    },
    {
      "_id": {
        "$numberInt": "2"
      },
      "name": "Bob",
      "email": "bob@example.com",
      "joinDate": {
        "$date": "2024-07-20T00:00:00Z"
      }
    },
    {
      "_id": {
        "$numberInt": "3"
      },
      "name": "Charlie",
      "email": "charlie@example.com",
      "joinDate": {
        "$date": "2025-04-01T00:00:00Z"
      }
    }
  ],
  "books": [
    {
      "_id": {
        "$oid": "650000000000000000000011"
      },
      "title": "Foundation",
      "genre": "Science Fiction",
      "publicationYear": 1951,
      "authorId": {
        "$oid": "650000000000000000000001"
      },
      "ratings": [
        {
          "user": "Alice",
          "score": 5,
          "comment": "Brilliant world-building!"
        }
      ]
    },
    {
      "_id": {
        "$oid": "650000000000000000000012"
      },
      "title": "Harry Potter and the Sorcerer's Stone",
      "genre": "Fantasy",
      "publicationYear": 1997,
      "authorId": {
        "$oid": "650000000000000000000002"
      },
      "ratings": [
        {
          "user": "Bob",
          "score": 4,
          "comment": "Magical!"
        }
      ]
    },
    {
      "_id": {
        "$oid": "650000000000000000000013"
      },
      "title": "A Game of Thrones",
      "genre": "Fantasy",
      "publicationYear": 1996,
      "authorId": {
        "$oid": "650000000000000000000003"
      },
      "ratings": []
    }
  ]
}